{
    "a1": 0.4446661597498359,
    "a2": 0.6815556929267399,
    "a3": 0.834071482303792,
    "abs_rel": 0.4295824272985305,
    "rmse": 0.20647340329415206,
    "log_10": 0.16606337621534645,
    "rmse_log": 0.5090632103497471,
    "silog": 40.01757771340198,
    "sq_rel": 0.12730232708794084
}