{
    "a1": 0.466215064042548,
    "a2": 0.6964034704404568,
    "a3": 0.8488046067505998,
    "abs_rel": 0.4327796363080953,
    "rmse": 0.19634623137453658,
    "log_10": 0.1537018530156226,
    "rmse_log": 0.4495341574220665,
    "silog": 31.502378672269625,
    "sq_rel": 0.12756870673265908
}